Login,Login
Email,Email
Password,Password
example@example.com,example@example.com
LOGIN,LOGIN
Forgot Password,Forgot Password
New User,New User
Sign Up Here,Sign Up Here
Please enter your registered email address. We will send you a link to reset your password.,Please enter your registered email address. We will send you a link to reset your password.
Email,Email
Send Email,Send Email
Back to login,Back to login
Sign Up,Sign Up
First Name,First Name
Middle Name,Middle Name
Last Name,Last Name
Password,Password
Confirm Password,Confirm Password
Register,Register
Back to login,Back to login
Credentials Required,Credentials Required
Email Required,Email Required
Password Required,Password Required
Login and Password required,Login and Password required
Provide required information,Provide required information
Password must have 6 or more characters,Password must have 6 or more characters
Confirm Password mismatch,Confirm Password mismatch
Confirmation email sent,Confirmation email sent
Registration Done,Registration Done
There is already an account with this email address. If you are sure that it is your email address,There is already an account with this email address. If you are sure that it is your email address
click here,click here
to get your password and access your account,to get your password and access your account
